id;last_name;first_name;arabic_last_name;arabic_first_name;nin;gender;address;phone_number;email;passowrd
1;Nienow;Adrian;relationships;Sleek Cotton Chips Wooden Lead;internet solution Avon;MALE;application;circuit Sausages;Filiberto.Boyle@yahoo.com;compressing
2;Howe;Lauriane;platforms;Division;drive bypassing;MALE;generating Savings Account;Auto Loan Account interface transmitter;Chelsie.Toy94@hotmail.com;withdrawal Bedfordshire
3;Maggio;Darien;tan JSON Plastic;Investment Account Ergonomic;withdrawal;FEMALE;olive;Communications;Eda.McKenzie26@yahoo.com;clicks-and-mortar Executive
4;Hessel;Glenda;Orchard compress Row;Fresh Business-focused;analyzing;FEMALE;Vanuatu;Health metrics;Rogers.Johnson56@gmail.com;Path standardization withdrawal
5;Miller;Estella;leading-edge frictionless;Electronics dedicated;Berkshire;FEMALE;Functionality Beauty back-end;Senior copying calculating;Kylie.Reichel1@hotmail.com;FTP
6;Kessler;Jamaal;initiative;interfaces;complexity Engineer;MALE;matrices client-server;Chips Multi-layered invoice;Geoffrey.Jaskolski@hotmail.com;Customer
7;Mitchell;Bradley;COM Auto Loan Account;violet Chair Sleek Metal Cheese;Ergonomic markets;MALE;invoice discrete Borders;protocol system ADP;Alana95@yahoo.com;Investment Account Valley
8;Bernhard;Crawford;knowledge base grey Plastic;ivory leverage Sausages;Mill engineer synthesize;MALE;auxiliary;Movies Research;Whitney.Wilkinson39@gmail.com;SDD Toys withdrawal
9;Greenholt;Julius;Plastic distributed alarm;Regional bypassing unleash;enterprise Generic Cotton Chicken;MALE;incubate Bouvet Island (Bouvetoya);Cayman Islands;Noemy.Hegmann97@gmail.com;Steel
10;Hackett;Elwyn;back-end Georgia;Concrete Nevada;Soft;FEMALE;Grocery;Wooden Taka Beauty;Eladio_Nikolaus@yahoo.com;Angola Pass
